"OBJECTID","ID_0","ISO","NAME_0","ID_1","NAME_1","ID_2","NAME_2","ID_3","NAME_3","TYPE_3","ENGTYPE_3","NL_NAME_3","VARNAME_3"
1,38,"BFA","Burkina Faso",1,"Boucle du Mouhoun",1,"Balé",1,"Bagassi","Département","Department",NA,NA
2,38,"BFA","Burkina Faso",1,"Boucle du Mouhoun",1,"Balé",2,"Bana","Département","Department",NA,NA
3,38,"BFA","Burkina Faso",1,"Boucle du Mouhoun",1,"Balé",3,"Boromo","Département","Department",NA,NA
4,38,"BFA","Burkina Faso",1,"Boucle du Mouhoun",1,"Balé",4,"Fara","Département","Department",NA,NA
5,38,"BFA","Burkina Faso",1,"Boucle du Mouhoun",1,"Balé",5,"Oury","Département","Department",NA,"Ouri"
6,38,"BFA","Burkina Faso",1,"Boucle du Mouhoun",1,"Balé",6,"Pa","Département","Department",NA,NA
7,38,"BFA","Burkina Faso",1,"Boucle du Mouhoun",1,"Balé",7,"Pompoï","Département","Department",NA,NA
8,38,"BFA","Burkina Faso",1,"Boucle du Mouhoun",1,"Balé",8,"Poura","Département","Department",NA,NA
9,38,"BFA","Burkina Faso",1,"Boucle du Mouhoun",1,"Balé",9,"Siby","Département","Department",NA,NA
10,38,"BFA","Burkina Faso",1,"Boucle du Mouhoun",1,"Balé",10,"Yaho","Département","Department",NA,NA
11,38,"BFA","Burkina Faso",1,"Boucle du Mouhoun",2,"Banwa",11,"Balavé","Département","Department",NA,"Sanaba Solenzo"
12,38,"BFA","Burkina Faso",1,"Boucle du Mouhoun",2,"Banwa",12,"Kouka","Département","Department",NA,NA
13,38,"BFA","Burkina Faso",1,"Boucle du Mouhoun",2,"Banwa",13,"Sami","Département","Department",NA,NA
14,38,"BFA","Burkina Faso",1,"Boucle du Mouhoun",2,"Banwa",14,"Sanaba","Département","Department",NA,NA
15,38,"BFA","Burkina Faso",1,"Boucle du Mouhoun",2,"Banwa",15,"Solenzo","Département","Department",NA,NA
16,38,"BFA","Burkina Faso",1,"Boucle du Mouhoun",2,"Banwa",16,"Tansila","Département","Department",NA,NA
17,38,"BFA","Burkina Faso",1,"Boucle du Mouhoun",3,"Kossi",17,"Barani","Département","Department",NA,NA
18,38,"BFA","Burkina Faso",1,"Boucle du Mouhoun",3,"Kossi",18,"Bomborokuy","Département","Department",NA,"Bomborokui"
19,38,"BFA","Burkina Faso",1,"Boucle du Mouhoun",3,"Kossi",19,"Bourasso","Département","Department",NA,NA
20,38,"BFA","Burkina Faso",1,"Boucle du Mouhoun",3,"Kossi",20,"Djibasso","Département","Department",NA,NA
21,38,"BFA","Burkina Faso",1,"Boucle du Mouhoun",3,"Kossi",21,"Dokuy","Département","Department",NA,"Dokui"
22,38,"BFA","Burkina Faso",1,"Boucle du Mouhoun",3,"Kossi",22,"Doumbala","Département","Department",NA,"Doumbala"
23,38,"BFA","Burkina Faso",1,"Boucle du Mouhoun",3,"Kossi",23,"Kombori","Département","Department",NA,NA
24,38,"BFA","Burkina Faso",1,"Boucle du Mouhoun",3,"Kossi",24,"Madouba","Département","Department",NA,NA
25,38,"BFA","Burkina Faso",1,"Boucle du Mouhoun",3,"Kossi",25,"Nouna","Département","Department",NA,NA
26,38,"BFA","Burkina Faso",1,"Boucle du Mouhoun",3,"Kossi",26,"Sono","Département","Department",NA,NA
27,38,"BFA","Burkina Faso",1,"Boucle du Mouhoun",4,"Mouhoun",27,"Bondokuy","Département","Department",NA,"Bondokui|Bondoukui"
28,38,"BFA","Burkina Faso",1,"Boucle du Mouhoun",4,"Mouhoun",28,"Dedougou","Département","Department",NA,NA
29,38,"BFA","Burkina Faso",1,"Boucle du Mouhoun",4,"Mouhoun",29,"Douroula","Département","Department",NA,NA
30,38,"BFA","Burkina Faso",1,"Boucle du Mouhoun",4,"Mouhoun",30,"Kona","Département","Department",NA,NA
31,38,"BFA","Burkina Faso",1,"Boucle du Mouhoun",4,"Mouhoun",31,"Ouarkoye","Département","Department",NA,NA
32,38,"BFA","Burkina Faso",1,"Boucle du Mouhoun",4,"Mouhoun",32,"Safane","Département","Department",NA,NA
33,38,"BFA","Burkina Faso",1,"Boucle du Mouhoun",4,"Mouhoun",33,"Tchériba","Département","Department",NA,"Tcheriba"
34,38,"BFA","Burkina Faso",1,"Boucle du Mouhoun",5,"Nayala",34,"Gassan","Département","Department",NA,"Gassan"
35,38,"BFA","Burkina Faso",1,"Boucle du Mouhoun",5,"Nayala",35,"Gossina","Département","Department",NA,NA
36,38,"BFA","Burkina Faso",1,"Boucle du Mouhoun",5,"Nayala",36,"Kougny","Département","Department",NA,NA
37,38,"BFA","Burkina Faso",1,"Boucle du Mouhoun",5,"Nayala",37,"Toma","Département","Department",NA,NA
38,38,"BFA","Burkina Faso",1,"Boucle du Mouhoun",5,"Nayala",38,"Yaba","Département","Department",NA,NA
39,38,"BFA","Burkina Faso",1,"Boucle du Mouhoun",5,"Nayala",39,"Ye","Département","Department",NA,NA
40,38,"BFA","Burkina Faso",1,"Boucle du Mouhoun",6,"Sourou",40,"Di","Département","Department",NA,NA
41,38,"BFA","Burkina Faso",1,"Boucle du Mouhoun",6,"Sourou",41,"Gomboro","Département","Department",NA,NA
42,38,"BFA","Burkina Faso",1,"Boucle du Mouhoun",6,"Sourou",42,"Kassoum","Département","Department",NA,NA
43,38,"BFA","Burkina Faso",1,"Boucle du Mouhoun",6,"Sourou",43,"Kiembara","Département","Department",NA,NA
44,38,"BFA","Burkina Faso",1,"Boucle du Mouhoun",6,"Sourou",44,"Lanfièra","Département","Department",NA,"Lanfiera"
45,38,"BFA","Burkina Faso",1,"Boucle du Mouhoun",6,"Sourou",45,"Lankouè","Département","Department",NA,"Lankoue"
46,38,"BFA","Burkina Faso",1,"Boucle du Mouhoun",6,"Sourou",46,"Toeni","Département","Department",NA,NA
47,38,"BFA","Burkina Faso",1,"Boucle du Mouhoun",6,"Sourou",47,"Tougan","Département","Department",NA,NA
48,38,"BFA","Burkina Faso",2,"Cascades",7,"Comoé",48,"Banfora","Département","Department",NA,NA
49,38,"BFA","Burkina Faso",2,"Cascades",7,"Comoé",49,"Beregadougou","Département","Department",NA,NA
50,38,"BFA","Burkina Faso",2,"Cascades",7,"Comoé",50,"Mangodara","Département","Department",NA,NA
51,38,"BFA","Burkina Faso",2,"Cascades",7,"Comoé",51,"Moussodougou","Département","Department",NA,NA
52,38,"BFA","Burkina Faso",2,"Cascades",7,"Comoé",52,"Niangoloko","Département","Department",NA,"Niangologo"
53,38,"BFA","Burkina Faso",2,"Cascades",7,"Comoé",53,"Ouo","Département","Department",NA,NA
54,38,"BFA","Burkina Faso",2,"Cascades",7,"Comoé",54,"Sidéradougou","Département","Department",NA,"Sideradougou"
55,38,"BFA","Burkina Faso",2,"Cascades",7,"Comoé",55,"Soubakaniédougou","Département","Department",NA,NA
56,38,"BFA","Burkina Faso",2,"Cascades",7,"Comoé",56,"Tiéfora","Département","Department",NA,"Tiefora"
57,38,"BFA","Burkina Faso",2,"Cascades",8,"Léraba",57,"Dakoro","Département","Department",NA,NA
58,38,"BFA","Burkina Faso",2,"Cascades",8,"Léraba",58,"Douna","Département","Department",NA,NA
59,38,"BFA","Burkina Faso",2,"Cascades",8,"Léraba",59,"Kankalaba","Département","Department",NA,NA
60,38,"BFA","Burkina Faso",2,"Cascades",8,"Léraba",60,"Loumana","Département","Department",NA,NA
61,38,"BFA","Burkina Faso",2,"Cascades",8,"Léraba",61,"Niankorodougou","Département","Department",NA,NA
62,38,"BFA","Burkina Faso",2,"Cascades",8,"Léraba",62,"Oueleni","Département","Department",NA,"Oueleni"
63,38,"BFA","Burkina Faso",2,"Cascades",8,"Léraba",63,"Sindou","Département","Department",NA,NA
64,38,"BFA","Burkina Faso",2,"Cascades",8,"Léraba",64,"Wolonkoto","Département","Department",NA,"Wolokonto"
65,38,"BFA","Burkina Faso",3,"Centre-Est",9,"Boulgou",65,"Bagre","Département","Department",NA,NA
66,38,"BFA","Burkina Faso",3,"Centre-Est",9,"Boulgou",66,"Bane","Département","Department",NA,NA
67,38,"BFA","Burkina Faso",3,"Centre-Est",9,"Boulgou",67,"Beguedo","Département","Department",NA,NA
68,38,"BFA","Burkina Faso",3,"Centre-Est",9,"Boulgou",68,"Bissiga","Département","Department",NA,NA
69,38,"BFA","Burkina Faso",3,"Centre-Est",9,"Boulgou",69,"Bittou","Département","Department",NA,NA
70,38,"BFA","Burkina Faso",3,"Centre-Est",9,"Boulgou",70,"Boussouma","Département","Department",NA,NA
71,38,"BFA","Burkina Faso",3,"Centre-Est",9,"Boulgou",71,"Garango","Département","Department",NA,NA
72,38,"BFA","Burkina Faso",3,"Centre-Est",9,"Boulgou",72,"Komtoega","Département","Department",NA,NA
73,38,"BFA","Burkina Faso",3,"Centre-Est",9,"Boulgou",73,"Niaogho","Département","Department",NA,"Niagho|Niago"
74,38,"BFA","Burkina Faso",3,"Centre-Est",9,"Boulgou",74,"Tenkodogo","Département","Department",NA,NA
75,38,"BFA","Burkina Faso",3,"Centre-Est",9,"Boulgou",75,"Zabré","Département","Department",NA,NA
76,38,"BFA","Burkina Faso",3,"Centre-Est",9,"Boulgou",76,"Zoaga","Département","Department",NA,NA
77,38,"BFA","Burkina Faso",3,"Centre-Est",9,"Boulgou",77,"Zonsé","Département","Department",NA,NA
78,38,"BFA","Burkina Faso",3,"Centre-Est",10,"Koulpélogo",78,"Comin-Yanga","Département","Department",NA,"Komin Yanga"
79,38,"BFA","Burkina Faso",3,"Centre-Est",10,"Koulpélogo",79,"Dourtenga","Département","Department",NA,NA
80,38,"BFA","Burkina Faso",3,"Centre-Est",10,"Koulpélogo",80,"Lalgaye","Département","Department",NA,NA
81,38,"BFA","Burkina Faso",3,"Centre-Est",10,"Koulpélogo",81,"Ouargaye","Département","Department",NA,NA
82,38,"BFA","Burkina Faso",3,"Centre-Est",10,"Koulpélogo",82,"Sangha","Département","Department",NA,NA
83,38,"BFA","Burkina Faso",3,"Centre-Est",10,"Koulpélogo",83,"Soudougui","Département","Department",NA,NA
84,38,"BFA","Burkina Faso",3,"Centre-Est",10,"Koulpélogo",84,"Yargatenga","Département","Department",NA,NA
85,38,"BFA","Burkina Faso",3,"Centre-Est",10,"Koulpélogo",85,"Yondé","Département","Department",NA,NA
86,38,"BFA","Burkina Faso",3,"Centre-Est",11,"Kouritenga",86,"Andemtenga","Département","Department",NA,NA
87,38,"BFA","Burkina Faso",3,"Centre-Est",11,"Kouritenga",87,"Baskouré","Département","Department",NA,NA
88,38,"BFA","Burkina Faso",3,"Centre-Est",11,"Kouritenga",88,"Dialgaye","Département","Department",NA,NA
89,38,"BFA","Burkina Faso",3,"Centre-Est",11,"Kouritenga",89,"Gounghin","Département","Department",NA,"Gaughin|Goughin"
90,38,"BFA","Burkina Faso",3,"Centre-Est",11,"Kouritenga",90,"Kando","Département","Department",NA,NA
91,38,"BFA","Burkina Faso",3,"Centre-Est",11,"Kouritenga",91,"Koupéla","Département","Department",NA,NA
92,38,"BFA","Burkina Faso",3,"Centre-Est",11,"Kouritenga",92,"Pouytenga","Département","Department",NA,NA
93,38,"BFA","Burkina Faso",3,"Centre-Est",11,"Kouritenga",93,"Tensobentenga","Département","Department",NA,"Tensobtenga|Tensobentenga"
94,38,"BFA","Burkina Faso",3,"Centre-Est",11,"Kouritenga",94,"Yargo","Département","Department",NA,NA
95,38,"BFA","Burkina Faso",4,"Centre-Nord",12,"Bam",95,"Bourzanga","Département","Department",NA,NA
96,38,"BFA","Burkina Faso",4,"Centre-Nord",12,"Bam",96,"Guibare","Département","Department",NA,NA
97,38,"BFA","Burkina Faso",4,"Centre-Nord",12,"Bam",97,"Kongoussi","Département","Department",NA,NA
98,38,"BFA","Burkina Faso",4,"Centre-Nord",12,"Bam",98,"Nassere","Département","Department",NA,NA
99,38,"BFA","Burkina Faso",4,"Centre-Nord",12,"Bam",99,"Rollo","Département","Department",NA,NA
100,38,"BFA","Burkina Faso",4,"Centre-Nord",12,"Bam",100,"Rouko","Département","Department",NA,NA
101,38,"BFA","Burkina Faso",4,"Centre-Nord",12,"Bam",101,"Sabce","Département","Department",NA,NA
102,38,"BFA","Burkina Faso",4,"Centre-Nord",12,"Bam",102,"Tikare","Département","Department",NA,NA
103,38,"BFA","Burkina Faso",4,"Centre-Nord",12,"Bam",103,"Zimtenga","Département","Department",NA,NA
104,38,"BFA","Burkina Faso",4,"Centre-Nord",13,"Namentenga",104,"Boala","Département","Department",NA,NA
105,38,"BFA","Burkina Faso",4,"Centre-Nord",13,"Namentenga",105,"Boulsa","Département","Department",NA,NA
106,38,"BFA","Burkina Faso",4,"Centre-Nord",13,"Namentenga",106,"Bouroum","Département","Department",NA,NA
107,38,"BFA","Burkina Faso",4,"Centre-Nord",13,"Namentenga",107,"Dargo","Département","Department",NA,NA
108,38,"BFA","Burkina Faso",4,"Centre-Nord",13,"Namentenga",108,"Nagbingou","Département","Department",NA,NA
109,38,"BFA","Burkina Faso",4,"Centre-Nord",13,"Namentenga",109,"Tougouri","Département","Department",NA,NA
110,38,"BFA","Burkina Faso",4,"Centre-Nord",13,"Namentenga",110,"Yalgo","Département","Department",NA,"Yalogo"
111,38,"BFA","Burkina Faso",4,"Centre-Nord",13,"Namentenga",111,"Zeguedeguin","Département","Department",NA,"Zeguedeguen"
112,38,"BFA","Burkina Faso",4,"Centre-Nord",14,"Sanmatenga",112,"Barsalogho","Département","Department",NA,"Barsalogo"
113,38,"BFA","Burkina Faso",4,"Centre-Nord",14,"Sanmatenga",113,"Boussouma","Département","Department",NA,NA
114,38,"BFA","Burkina Faso",4,"Centre-Nord",14,"Sanmatenga",114,"Dablo","Département","Department",NA,NA
115,38,"BFA","Burkina Faso",4,"Centre-Nord",14,"Sanmatenga",115,"Kaya","Département","Department",NA,NA
116,38,"BFA","Burkina Faso",4,"Centre-Nord",14,"Sanmatenga",116,"Korsimoro","Département","Department",NA,NA
117,38,"BFA","Burkina Faso",4,"Centre-Nord",14,"Sanmatenga",117,"Mane","Département","Department",NA,NA
118,38,"BFA","Burkina Faso",4,"Centre-Nord",14,"Sanmatenga",118,"Namissiguima","Département","Department",NA,NA
119,38,"BFA","Burkina Faso",4,"Centre-Nord",14,"Sanmatenga",119,"Pensa","Département","Department",NA,NA
120,38,"BFA","Burkina Faso",4,"Centre-Nord",14,"Sanmatenga",120,"Pibaore","Département","Department",NA,NA
121,38,"BFA","Burkina Faso",4,"Centre-Nord",14,"Sanmatenga",121,"Pissila","Département","Department",NA,NA
122,38,"BFA","Burkina Faso",4,"Centre-Nord",14,"Sanmatenga",122,"Ziga","Département","Department",NA,NA
123,38,"BFA","Burkina Faso",5,"Centre-Ouest",15,"Boulkiemdé",123,"Bingo","Département","Department",NA,NA
124,38,"BFA","Burkina Faso",5,"Centre-Ouest",15,"Boulkiemdé",124,"Imasgho","Département","Department",NA,"Imasgho"
125,38,"BFA","Burkina Faso",5,"Centre-Ouest",15,"Boulkiemdé",125,"Kindi","Département","Department",NA,NA
126,38,"BFA","Burkina Faso",5,"Centre-Ouest",15,"Boulkiemdé",126,"Kokologho","Département","Department",NA,NA
127,38,"BFA","Burkina Faso",5,"Centre-Ouest",15,"Boulkiemdé",127,"Koudougou","Département","Department",NA,NA
128,38,"BFA","Burkina Faso",5,"Centre-Ouest",15,"Boulkiemdé",128,"Nandiala","Département","Department",NA,NA
129,38,"BFA","Burkina Faso",5,"Centre-Ouest",15,"Boulkiemdé",129,"Nanoro","Département","Department",NA,NA
130,38,"BFA","Burkina Faso",5,"Centre-Ouest",15,"Boulkiemdé",130,"Pella","Département","Department",NA,NA
131,38,"BFA","Burkina Faso",5,"Centre-Ouest",15,"Boulkiemdé",131,"Poa","Département","Department",NA,NA
132,38,"BFA","Burkina Faso",5,"Centre-Ouest",15,"Boulkiemdé",132,"Ramongo","Département","Department",NA,NA
133,38,"BFA","Burkina Faso",5,"Centre-Ouest",15,"Boulkiemdé",133,"Sabou","Département","Department",NA,NA
134,38,"BFA","Burkina Faso",5,"Centre-Ouest",15,"Boulkiemdé",134,"Sigle","Département","Department",NA,NA
135,38,"BFA","Burkina Faso",5,"Centre-Ouest",15,"Boulkiemdé",135,"Soaw","Département","Department",NA,NA
136,38,"BFA","Burkina Faso",5,"Centre-Ouest",15,"Boulkiemdé",136,"Sourgou","Département","Department",NA,NA
137,38,"BFA","Burkina Faso",5,"Centre-Ouest",15,"Boulkiemdé",137,"Thyou","Département","Department",NA,"Thyou"
138,38,"BFA","Burkina Faso",5,"Centre-Ouest",16,"Sanguié",138,"Dassa","Département","Department",NA,NA
139,38,"BFA","Burkina Faso",5,"Centre-Ouest",16,"Sanguié",139,"Didyr","Département","Department",NA,"Didyr"
140,38,"BFA","Burkina Faso",5,"Centre-Ouest",16,"Sanguié",140,"Godyr","Département","Department",NA,"Godyr|Godin|Godyir"
141,38,"BFA","Burkina Faso",5,"Centre-Ouest",16,"Sanguié",141,"Kordie","Département","Department",NA,NA
142,38,"BFA","Burkina Faso",5,"Centre-Ouest",16,"Sanguié",142,"Kyon","Département","Department",NA,"Khyon|Kyon"
143,38,"BFA","Burkina Faso",5,"Centre-Ouest",16,"Sanguié",143,"Pouni","Département","Department",NA,NA
144,38,"BFA","Burkina Faso",5,"Centre-Ouest",16,"Sanguié",144,"Réo","Département","Department",NA,NA
145,38,"BFA","Burkina Faso",5,"Centre-Ouest",16,"Sanguié",145,"Tenado","Département","Department",NA,NA
146,38,"BFA","Burkina Faso",5,"Centre-Ouest",16,"Sanguié",146,"Zamo","Département","Department",NA,NA
147,38,"BFA","Burkina Faso",5,"Centre-Ouest",16,"Sanguié",147,"Zawara","Département","Department",NA,NA
148,38,"BFA","Burkina Faso",5,"Centre-Ouest",17,"Sissili",148,"Bieha","Département","Department",NA,NA
149,38,"BFA","Burkina Faso",5,"Centre-Ouest",17,"Sissili",149,"Boura","Département","Department",NA,NA
150,38,"BFA","Burkina Faso",5,"Centre-Ouest",17,"Sissili",150,"Leo","Département","Department",NA,NA
151,38,"BFA","Burkina Faso",5,"Centre-Ouest",17,"Sissili",151,"Nebielianayou","Département","Department",NA,NA
152,38,"BFA","Burkina Faso",5,"Centre-Ouest",17,"Sissili",152,"Niabouri","Département","Department",NA,"Niabouri"
153,38,"BFA","Burkina Faso",5,"Centre-Ouest",17,"Sissili",153,"Silly","Département","Department",NA,NA
154,38,"BFA","Burkina Faso",5,"Centre-Ouest",17,"Sissili",154,"Tô","Département","Department",NA,"To"
155,38,"BFA","Burkina Faso",5,"Centre-Ouest",18,"Ziro",155,"Bakata","Département","Department",NA,NA
156,38,"BFA","Burkina Faso",5,"Centre-Ouest",18,"Ziro",156,"Bougnounou","Département","Department",NA,NA
157,38,"BFA","Burkina Faso",5,"Centre-Ouest",18,"Ziro",157,"Cassou","Département","Department",NA,"Kassou"
158,38,"BFA","Burkina Faso",5,"Centre-Ouest",18,"Ziro",158,"Dalo","Département","Department",NA,NA
159,38,"BFA","Burkina Faso",5,"Centre-Ouest",18,"Ziro",159,"Gao","Département","Department",NA,NA
160,38,"BFA","Burkina Faso",5,"Centre-Ouest",18,"Ziro",160,"Sapouy","Département","Department",NA,NA
161,38,"BFA","Burkina Faso",6,"Centre-Sud",19,"Bazèga",161,"Doulougou","Département","Department",NA,NA
162,38,"BFA","Burkina Faso",6,"Centre-Sud",19,"Bazèga",162,"Gaongo","Département","Department",NA,NA
163,38,"BFA","Burkina Faso",6,"Centre-Sud",19,"Bazèga",163,"Ipelce","Département","Department",NA,NA
164,38,"BFA","Burkina Faso",6,"Centre-Sud",19,"Bazèga",164,"Kayao","Département","Department",NA,NA
165,38,"BFA","Burkina Faso",6,"Centre-Sud",19,"Bazèga",165,"Kombissiri","Département","Department",NA,NA
166,38,"BFA","Burkina Faso",6,"Centre-Sud",19,"Bazèga",166,"Sapone","Département","Department",NA,NA
167,38,"BFA","Burkina Faso",6,"Centre-Sud",19,"Bazèga",167,"Toece","Département","Department",NA,NA
168,38,"BFA","Burkina Faso",6,"Centre-Sud",20,"Nahouri",168,"Guiaro","Département","Department",NA,"Guiaro"
169,38,"BFA","Burkina Faso",6,"Centre-Sud",20,"Nahouri",169,"Pô","Département","Department",NA,"Po"
170,38,"BFA","Burkina Faso",6,"Centre-Sud",20,"Nahouri",170,"Tiébélé","Département","Department",NA,NA
171,38,"BFA","Burkina Faso",6,"Centre-Sud",20,"Nahouri",171,"Zecco","Département","Department",NA,NA
172,38,"BFA","Burkina Faso",6,"Centre-Sud",20,"Nahouri",172,"Ziou","Département","Department",NA,"Ziou"
173,38,"BFA","Burkina Faso",6,"Centre-Sud",21,"Zoundwéogo",173,"Bere","Département","Department",NA,NA
174,38,"BFA","Burkina Faso",6,"Centre-Sud",21,"Zoundwéogo",174,"Binde","Département","Department",NA,NA
175,38,"BFA","Burkina Faso",6,"Centre-Sud",21,"Zoundwéogo",175,"Gogo","Département","Department",NA,NA
176,38,"BFA","Burkina Faso",6,"Centre-Sud",21,"Zoundwéogo",176,"Gomboussougou","Département","Department",NA,"Gomboussougou"
177,38,"BFA","Burkina Faso",6,"Centre-Sud",21,"Zoundwéogo",177,"Guiba","Département","Department",NA,NA
178,38,"BFA","Burkina Faso",6,"Centre-Sud",21,"Zoundwéogo",178,"Manga","Département","Department",NA,NA
179,38,"BFA","Burkina Faso",6,"Centre-Sud",21,"Zoundwéogo",179,"Nobere","Département","Department",NA,NA
180,38,"BFA","Burkina Faso",7,"Centre",22,"Kadiogo",180,"Komki-Ipala","Département","Department",NA,"Komki Ipala"
181,38,"BFA","Burkina Faso",7,"Centre",22,"Kadiogo",181,"Komsilga","Département","Department",NA,NA
182,38,"BFA","Burkina Faso",7,"Centre",22,"Kadiogo",182,"Koubri","Département","Department",NA,NA
183,38,"BFA","Burkina Faso",7,"Centre",22,"Kadiogo",183,"Ouagadougou","Département","Department",NA,"Ouagadougou"
184,38,"BFA","Burkina Faso",7,"Centre",22,"Kadiogo",184,"Pabre","Département","Department",NA,NA
185,38,"BFA","Burkina Faso",7,"Centre",22,"Kadiogo",185,"Saaba","Département","Department",NA,NA
186,38,"BFA","Burkina Faso",7,"Centre",22,"Kadiogo",186,"Tanghin-Dassouri","Département","Department",NA,"Tanghin Dassouri"
187,38,"BFA","Burkina Faso",8,"Est",23,"Gnagna",187,"Bilanga","Département","Department",NA,NA
188,38,"BFA","Burkina Faso",8,"Est",23,"Gnagna",188,"Bogandé","Département","Department",NA,NA
189,38,"BFA","Burkina Faso",8,"Est",23,"Gnagna",189,"Koalla","Département","Department",NA,NA
190,38,"BFA","Burkina Faso",8,"Est",23,"Gnagna",190,"Liptougou","Département","Department",NA,NA
191,38,"BFA","Burkina Faso",8,"Est",23,"Gnagna",191,"Mani","Département","Department",NA,"Manni"
192,38,"BFA","Burkina Faso",8,"Est",23,"Gnagna",192,"Piéla","Département","Department",NA,NA
193,38,"BFA","Burkina Faso",8,"Est",23,"Gnagna",193,"Thion","Département","Department",NA,NA
194,38,"BFA","Burkina Faso",8,"Est",24,"Gourma",194,"Diabo","Département","Department",NA,NA
195,38,"BFA","Burkina Faso",8,"Est",24,"Gourma",195,"Diapangou","Département","Department",NA,NA
196,38,"BFA","Burkina Faso",8,"Est",24,"Gourma",196,"Fada N'gourma","Département","Department",NA,"Fada Ngourma"
197,38,"BFA","Burkina Faso",8,"Est",24,"Gourma",197,"Matiacoali","Département","Department",NA,"Matiakoali"
198,38,"BFA","Burkina Faso",8,"Est",24,"Gourma",198,"Tibga","Département","Department",NA,"Tibga"
199,38,"BFA","Burkina Faso",8,"Est",24,"Gourma",199,"Yamba","Département","Department",NA,NA
200,38,"BFA","Burkina Faso",8,"Est",25,"Komandjoari",200,"Bartiébougou","Département","Department",NA,NA
201,38,"BFA","Burkina Faso",8,"Est",25,"Komandjoari",201,"Foutouri","Département","Department",NA,NA
202,38,"BFA","Burkina Faso",8,"Est",25,"Komandjoari",202,"Gayéri","Département","Department",NA,NA
203,38,"BFA","Burkina Faso",8,"Est",26,"Kompienga",203,"Kompienga","Département","Department",NA,NA
204,38,"BFA","Burkina Faso",8,"Est",26,"Kompienga",204,"Madjoari","Département","Department",NA,NA
205,38,"BFA","Burkina Faso",8,"Est",26,"Kompienga",205,"Pama","Département","Department",NA,NA
206,38,"BFA","Burkina Faso",8,"Est",27,"Tapoa",206,"Botou","Département","Department",NA,"Botou"
207,38,"BFA","Burkina Faso",8,"Est",27,"Tapoa",207,"Diapaga","Département","Department",NA,NA
208,38,"BFA","Burkina Faso",8,"Est",27,"Tapoa",208,"Kantchari","Département","Department",NA,NA
209,38,"BFA","Burkina Faso",8,"Est",27,"Tapoa",209,"Logobou","Département","Department",NA,NA
210,38,"BFA","Burkina Faso",8,"Est",27,"Tapoa",210,"Namounou","Département","Department",NA,NA
211,38,"BFA","Burkina Faso",8,"Est",27,"Tapoa",211,"Partiaga","Département","Department",NA,NA
212,38,"BFA","Burkina Faso",8,"Est",27,"Tapoa",212,"Tambaga","Département","Department",NA,"Tambarga"
213,38,"BFA","Burkina Faso",8,"Est",27,"Tapoa",213,"Tansarga","Département","Department",NA,NA
214,38,"BFA","Burkina Faso",9,"Haut-Bassins",28,"Houet",214,"Bama","Département","Department",NA,NA
215,38,"BFA","Burkina Faso",9,"Haut-Bassins",28,"Houet",215,"Bobo-Dioulasso","Département","Department",NA,"Bobo-dioulasso"
216,38,"BFA","Burkina Faso",9,"Haut-Bassins",28,"Houet",216,"Dandé","Département","Department",NA,NA
217,38,"BFA","Burkina Faso",9,"Haut-Bassins",28,"Houet",217,"Faramana","Département","Department",NA,NA
218,38,"BFA","Burkina Faso",9,"Haut-Bassins",28,"Houet",218,"Fo","Département","Department",NA,NA
219,38,"BFA","Burkina Faso",9,"Haut-Bassins",28,"Houet",219,"Karankasso-Sambla","Département","Department",NA,NA
220,38,"BFA","Burkina Faso",9,"Haut-Bassins",28,"Houet",220,"Karankasso-Vigué","Département","Department",NA,"Karankasso-Vigue"
221,38,"BFA","Burkina Faso",9,"Haut-Bassins",28,"Houet",221,"Koundougou","Département","Department",NA,NA
222,38,"BFA","Burkina Faso",9,"Haut-Bassins",28,"Houet",222,"Lena","Département","Department",NA,NA
223,38,"BFA","Burkina Faso",9,"Haut-Bassins",28,"Houet",223,"Padéma","Département","Department",NA,"Padema"
224,38,"BFA","Burkina Faso",9,"Haut-Bassins",28,"Houet",224,"Peni","Département","Department",NA,NA
225,38,"BFA","Burkina Faso",9,"Haut-Bassins",28,"Houet",225,"Satiri","Département","Department",NA,NA
226,38,"BFA","Burkina Faso",9,"Haut-Bassins",28,"Houet",226,"Toussiana","Département","Department",NA,NA
227,38,"BFA","Burkina Faso",9,"Haut-Bassins",29,"Kénédougou",227,"Banzon","Département","Department",NA,NA
228,38,"BFA","Burkina Faso",9,"Haut-Bassins",29,"Kénédougou",228,"Djigouera","Département","Department",NA,NA
229,38,"BFA","Burkina Faso",9,"Haut-Bassins",29,"Kénédougou",229,"Kangala","Département","Department",NA,"Kangala"
230,38,"BFA","Burkina Faso",9,"Haut-Bassins",29,"Kénédougou",230,"Kayan","Département","Department",NA,NA
231,38,"BFA","Burkina Faso",9,"Haut-Bassins",29,"Kénédougou",231,"Koloko","Département","Department",NA,NA
232,38,"BFA","Burkina Faso",9,"Haut-Bassins",29,"Kénédougou",232,"Kourinion","Département","Department",NA,"Kourignon"
233,38,"BFA","Burkina Faso",9,"Haut-Bassins",29,"Kénédougou",233,"Kourouma","Département","Department",NA,NA
234,38,"BFA","Burkina Faso",9,"Haut-Bassins",29,"Kénédougou",234,"Morolaba","Département","Department",NA,NA
235,38,"BFA","Burkina Faso",9,"Haut-Bassins",29,"Kénédougou",235,"N'dorola","Département","Department",NA,"Ndorola"
236,38,"BFA","Burkina Faso",9,"Haut-Bassins",29,"Kénédougou",236,"Orodara","Département","Department",NA,NA
237,38,"BFA","Burkina Faso",9,"Haut-Bassins",29,"Kénédougou",237,"Samogohiri","Département","Department",NA,"Samoghohiri|Samogoyiri"
238,38,"BFA","Burkina Faso",9,"Haut-Bassins",29,"Kénédougou",238,"Samorogouan","Département","Department",NA,NA
239,38,"BFA","Burkina Faso",9,"Haut-Bassins",29,"Kénédougou",239,"Sindo","Département","Department",NA,"Soundo"
240,38,"BFA","Burkina Faso",9,"Haut-Bassins",30,"Tuy",240,"Bekuy","Département","Department",NA,NA
241,38,"BFA","Burkina Faso",9,"Haut-Bassins",30,"Tuy",241,"Bereba","Département","Department",NA,NA
242,38,"BFA","Burkina Faso",9,"Haut-Bassins",30,"Tuy",242,"Boni","Département","Department",NA,NA
243,38,"BFA","Burkina Faso",9,"Haut-Bassins",30,"Tuy",243,"Founzan","Département","Department",NA,NA
244,38,"BFA","Burkina Faso",9,"Haut-Bassins",30,"Tuy",244,"Houndé","Département","Department",NA,NA
245,38,"BFA","Burkina Faso",9,"Haut-Bassins",30,"Tuy",245,"Koti","Département","Department",NA,NA
246,38,"BFA","Burkina Faso",9,"Haut-Bassins",30,"Tuy",246,"Koumbia","Département","Department",NA,NA
247,38,"BFA","Burkina Faso",10,"Nord",31,"Loroum",247,"Banh","Département","Department",NA,NA
248,38,"BFA","Burkina Faso",10,"Nord",31,"Loroum",248,"Ouindigui","Département","Department",NA,"Ouendigui"
249,38,"BFA","Burkina Faso",10,"Nord",31,"Loroum",249,"Solle","Département","Department",NA,"Sole"
250,38,"BFA","Burkina Faso",10,"Nord",31,"Loroum",250,"Titao","Département","Department",NA,NA
251,38,"BFA","Burkina Faso",10,"Nord",32,"Passoré",251,"Arbolle","Département","Department",NA,"Arbole"
252,38,"BFA","Burkina Faso",10,"Nord",32,"Passoré",252,"Bagare","Département","Department",NA,NA
253,38,"BFA","Burkina Faso",10,"Nord",32,"Passoré",253,"Bokin","Département","Department",NA,NA
254,38,"BFA","Burkina Faso",10,"Nord",32,"Passoré",254,"Gomponsom","Département","Department",NA,"Gomponsom|Gompossom"
255,38,"BFA","Burkina Faso",10,"Nord",32,"Passoré",255,"Kirsi","Département","Department",NA,NA
256,38,"BFA","Burkina Faso",10,"Nord",32,"Passoré",256,"Lâ-Todin","Département","Department",NA,"Latodin"
257,38,"BFA","Burkina Faso",10,"Nord",32,"Passoré",257,"Pilimpikou","Département","Department",NA,"Pilimpikou"
258,38,"BFA","Burkina Faso",10,"Nord",32,"Passoré",258,"Samba","Département","Department",NA,NA
259,38,"BFA","Burkina Faso",10,"Nord",32,"Passoré",259,"Yako","Département","Department",NA,NA
260,38,"BFA","Burkina Faso",10,"Nord",33,"Yatenga",260,"Barga","Département","Department",NA,NA
261,38,"BFA","Burkina Faso",10,"Nord",33,"Yatenga",261,"Kaïn","Département","Department",NA,"Kain"
262,38,"BFA","Burkina Faso",10,"Nord",33,"Yatenga",262,"Kalsaka","Département","Department",NA,NA
263,38,"BFA","Burkina Faso",10,"Nord",33,"Yatenga",263,"Kossouka","Département","Department",NA,NA
264,38,"BFA","Burkina Faso",10,"Nord",33,"Yatenga",264,"Koumbri","Département","Department",NA,NA
265,38,"BFA","Burkina Faso",10,"Nord",33,"Yatenga",265,"Namissiguima","Département","Department",NA,NA
266,38,"BFA","Burkina Faso",10,"Nord",33,"Yatenga",266,"Ouahigouya","Département","Department",NA,NA
267,38,"BFA","Burkina Faso",10,"Nord",33,"Yatenga",267,"Oula","Département","Department",NA,NA
268,38,"BFA","Burkina Faso",10,"Nord",33,"Yatenga",268,"Rambo","Département","Department",NA,NA
269,38,"BFA","Burkina Faso",10,"Nord",33,"Yatenga",269,"Seguenega","Département","Department",NA,"Seguenega"
270,38,"BFA","Burkina Faso",10,"Nord",33,"Yatenga",270,"Tangaye","Département","Department",NA,NA
271,38,"BFA","Burkina Faso",10,"Nord",33,"Yatenga",271,"Thiou","Département","Department",NA,"Thyou"
272,38,"BFA","Burkina Faso",10,"Nord",33,"Yatenga",272,"Zogore","Département","Department",NA,NA
273,38,"BFA","Burkina Faso",10,"Nord",34,"Zondoma",273,"Bassi","Département","Department",NA,NA
274,38,"BFA","Burkina Faso",10,"Nord",34,"Zondoma",274,"Boussou","Département","Department",NA,NA
275,38,"BFA","Burkina Faso",10,"Nord",34,"Zondoma",275,"Gourcy","Département","Department",NA,NA
276,38,"BFA","Burkina Faso",10,"Nord",34,"Zondoma",276,"Léba","Département","Department",NA,NA
277,38,"BFA","Burkina Faso",10,"Nord",34,"Zondoma",277,"Tougo","Département","Department",NA,NA
278,38,"BFA","Burkina Faso",11,"Plateau-Central",35,"Ganzourgou",278,"Boudry","Département","Department",NA,NA
279,38,"BFA","Burkina Faso",11,"Plateau-Central",35,"Ganzourgou",279,"Kogho","Département","Department",NA,NA
280,38,"BFA","Burkina Faso",11,"Plateau-Central",35,"Ganzourgou",280,"Méguet","Département","Department",NA,"Meguet"
281,38,"BFA","Burkina Faso",11,"Plateau-Central",35,"Ganzourgou",281,"Mogtédo","Département","Department",NA,NA
282,38,"BFA","Burkina Faso",11,"Plateau-Central",35,"Ganzourgou",282,"Salogo","Département","Department",NA,NA
283,38,"BFA","Burkina Faso",11,"Plateau-Central",35,"Ganzourgou",283,"Zam","Département","Department",NA,NA
284,38,"BFA","Burkina Faso",11,"Plateau-Central",35,"Ganzourgou",284,"Zorgho","Département","Department",NA,NA
285,38,"BFA","Burkina Faso",11,"Plateau-Central",35,"Ganzourgou",285,"Zoungou","Département","Department",NA,NA
286,38,"BFA","Burkina Faso",11,"Plateau-Central",36,"Kourwéogo",286,"Boussé","Département","Department",NA,NA
287,38,"BFA","Burkina Faso",11,"Plateau-Central",36,"Kourwéogo",287,"Laye","Département","Department",NA,NA
288,38,"BFA","Burkina Faso",11,"Plateau-Central",36,"Kourwéogo",288,"Niou","Département","Department",NA,NA
289,38,"BFA","Burkina Faso",11,"Plateau-Central",36,"Kourwéogo",289,"Sourgoubila","Département","Department",NA,NA
290,38,"BFA","Burkina Faso",11,"Plateau-Central",36,"Kourwéogo",290,"Toéghin","Département","Department",NA,"Toeghen"
291,38,"BFA","Burkina Faso",11,"Plateau-Central",37,"Oubritenga",291,"Absouya","Département","Department",NA,NA
292,38,"BFA","Burkina Faso",11,"Plateau-Central",37,"Oubritenga",292,"Dapélogo","Département","Department",NA,"Dapelgo"
293,38,"BFA","Burkina Faso",11,"Plateau-Central",37,"Oubritenga",293,"Loumbila","Département","Department",NA,NA
294,38,"BFA","Burkina Faso",11,"Plateau-Central",37,"Oubritenga",294,"Nagreongo","Département","Department",NA,NA
295,38,"BFA","Burkina Faso",11,"Plateau-Central",37,"Oubritenga",295,"Ourgou-Manega","Département","Department",NA,NA
296,38,"BFA","Burkina Faso",11,"Plateau-Central",37,"Oubritenga",296,"Ziniare","Département","Department",NA,NA
297,38,"BFA","Burkina Faso",11,"Plateau-Central",37,"Oubritenga",297,"Zitenga","Département","Department",NA,NA
298,38,"BFA","Burkina Faso",12,"Sahel",38,"Oudalan",298,"Deou","Département","Department",NA,NA
299,38,"BFA","Burkina Faso",12,"Sahel",38,"Oudalan",299,"Gorom-Gorom","Département","Department",NA,"Gorom Gorom"
300,38,"BFA","Burkina Faso",12,"Sahel",38,"Oudalan",300,"Markoye","Département","Department",NA,NA
301,38,"BFA","Burkina Faso",12,"Sahel",38,"Oudalan",301,"Oursi","Département","Department",NA,NA
302,38,"BFA","Burkina Faso",12,"Sahel",38,"Oudalan",302,"Tin-Akoff","Département","Department",NA,"Tin-Akof|Tin-Akoff|Tin Akoff"
303,38,"BFA","Burkina Faso",12,"Sahel",39,"Séno",303,"Bani","Département","Department",NA,NA
304,38,"BFA","Burkina Faso",12,"Sahel",39,"Séno",304,"Dori","Département","Department",NA,NA
305,38,"BFA","Burkina Faso",12,"Sahel",39,"Séno",305,"Falagountou","Département","Department",NA,"Falagountou"
306,38,"BFA","Burkina Faso",12,"Sahel",39,"Séno",306,"Gorgadji","Département","Department",NA,NA
307,38,"BFA","Burkina Faso",12,"Sahel",39,"Séno",307,"Sampelga","Département","Department",NA,NA
308,38,"BFA","Burkina Faso",12,"Sahel",39,"Séno",308,"Seytenga","Département","Department",NA,NA
309,38,"BFA","Burkina Faso",12,"Sahel",40,"Soum",309,"Aribinda","Département","Department",NA,"Aribinda"
310,38,"BFA","Burkina Faso",12,"Sahel",40,"Soum",310,"Baraboule","Département","Department",NA,NA
311,38,"BFA","Burkina Faso",12,"Sahel",40,"Soum",311,"Diguel","Département","Department",NA,"Diguel"
312,38,"BFA","Burkina Faso",12,"Sahel",40,"Soum",312,"Djibo","Département","Department",NA,NA
313,38,"BFA","Burkina Faso",12,"Sahel",40,"Soum",313,"Kelbo","Département","Department",NA,NA
314,38,"BFA","Burkina Faso",12,"Sahel",40,"Soum",314,"Koutougou","Département","Department",NA,NA
315,38,"BFA","Burkina Faso",12,"Sahel",40,"Soum",315,"Nassoumbou","Département","Department",NA,"Nassamfou"
316,38,"BFA","Burkina Faso",12,"Sahel",40,"Soum",316,"Pobe-Mengao","Département","Department",NA,"Pobe Mengao"
317,38,"BFA","Burkina Faso",12,"Sahel",40,"Soum",317,"Tongomayel","Département","Department",NA,NA
318,38,"BFA","Burkina Faso",12,"Sahel",41,"Yagha",318,"Boundore","Département","Department",NA,NA
319,38,"BFA","Burkina Faso",12,"Sahel",41,"Yagha",319,"Mansila","Département","Department",NA,NA
320,38,"BFA","Burkina Faso",12,"Sahel",41,"Yagha",320,"Sebba","Département","Department",NA,NA
321,38,"BFA","Burkina Faso",12,"Sahel",41,"Yagha",321,"Solhan","Département","Department",NA,NA
322,38,"BFA","Burkina Faso",12,"Sahel",41,"Yagha",322,"Tankougounadie","Département","Department",NA,NA
323,38,"BFA","Burkina Faso",12,"Sahel",41,"Yagha",323,"Titabe","Département","Department",NA,NA
324,38,"BFA","Burkina Faso",13,"Sud-Ouest",42,"Bougouriba",324,"Bondigui","Département","Department",NA,NA
325,38,"BFA","Burkina Faso",13,"Sud-Ouest",42,"Bougouriba",325,"Diebougou","Département","Department",NA,NA
326,38,"BFA","Burkina Faso",13,"Sud-Ouest",42,"Bougouriba",326,"Dolo","Département","Department",NA,NA
327,38,"BFA","Burkina Faso",13,"Sud-Ouest",42,"Bougouriba",327,"Gueguere","Département","Department",NA,NA
328,38,"BFA","Burkina Faso",13,"Sud-Ouest",42,"Bougouriba",328,"Iolonioro","Département","Department",NA,NA
329,38,"BFA","Burkina Faso",13,"Sud-Ouest",42,"Bougouriba",329,"Tiankoura","Département","Department",NA,NA
330,38,"BFA","Burkina Faso",13,"Sud-Ouest",43,"Ioba",330,"Dano","Département","Department",NA,NA
331,38,"BFA","Burkina Faso",13,"Sud-Ouest",43,"Ioba",331,"Dissin","Département","Department",NA,NA
332,38,"BFA","Burkina Faso",13,"Sud-Ouest",43,"Ioba",332,"Koper","Département","Department",NA,NA
333,38,"BFA","Burkina Faso",13,"Sud-Ouest",43,"Ioba",333,"Niego","Département","Department",NA,NA
334,38,"BFA","Burkina Faso",13,"Sud-Ouest",43,"Ioba",334,"Oronkua","Département","Department",NA,NA
335,38,"BFA","Burkina Faso",13,"Sud-Ouest",43,"Ioba",335,"Ouessa","Département","Department",NA,NA
336,38,"BFA","Burkina Faso",13,"Sud-Ouest",43,"Ioba",336,"Zambo","Département","Department",NA,NA
337,38,"BFA","Burkina Faso",13,"Sud-Ouest",44,"Noumbiel",337,"Batié","Département","Department",NA,"Batie"
338,38,"BFA","Burkina Faso",13,"Sud-Ouest",44,"Noumbiel",338,"Boussoukoula","Département","Department",NA,NA
339,38,"BFA","Burkina Faso",13,"Sud-Ouest",44,"Noumbiel",339,"Kpuéré","Département","Department",NA,"Kpuere"
340,38,"BFA","Burkina Faso",13,"Sud-Ouest",44,"Noumbiel",340,"Legmoin","Département","Department",NA,NA
341,38,"BFA","Burkina Faso",13,"Sud-Ouest",44,"Noumbiel",341,"Midebdo","Département","Department",NA,NA
342,38,"BFA","Burkina Faso",13,"Sud-Ouest",45,"Poni",342,"Bouroum-Bouroum","Département","Department",NA,"Bouroum Bouroum"
343,38,"BFA","Burkina Faso",13,"Sud-Ouest",45,"Poni",343,"Boussera","Département","Department",NA,NA
344,38,"BFA","Burkina Faso",13,"Sud-Ouest",45,"Poni",344,"Djigouè","Département","Department",NA,"Djigoue"
345,38,"BFA","Burkina Faso",13,"Sud-Ouest",45,"Poni",345,"Gaoua","Département","Department",NA,NA
346,38,"BFA","Burkina Faso",13,"Sud-Ouest",45,"Poni",346,"Gbomblora","Département","Department",NA,NA
347,38,"BFA","Burkina Faso",13,"Sud-Ouest",45,"Poni",347,"Kampti","Département","Department",NA,NA
348,38,"BFA","Burkina Faso",13,"Sud-Ouest",45,"Poni",348,"Loropeni","Département","Department",NA,NA
349,38,"BFA","Burkina Faso",13,"Sud-Ouest",45,"Poni",349,"Malba","Département","Department",NA,NA
350,38,"BFA","Burkina Faso",13,"Sud-Ouest",45,"Poni",350,"Nako","Département","Department",NA,NA
351,38,"BFA","Burkina Faso",13,"Sud-Ouest",45,"Poni",351,"Perigban","Département","Department",NA,NA
